split,segment_column,segment_value,threshold,row_count,positive_count,prevalence,pr_auc,roc_auc,precision,recall,f1,predicted_positive_rate,predicted_negative_rate,positive_prediction_count,negative_prediction_count,specificity,negative_predictive_value,true_positive_count,true_negative_count,false_positive_count,false_negative_count
test,vip_level,V1,0.05,440892,171507,0.3890000272175499,0.566282907526728,0.6723333862406976,0.389830431391454,0.9995685307305241,0.5609076185646278,0.9974392821824846,0.0025607178175154344,439763,1129,0.00391632793214173,0.9344552701505757,171433,1055,268330,74
test,vip_level,V1,0.1,440892,171507,0.3890000272175499,0.566282907526728,0.6723333862406976,0.39179470265417,0.9973703697225186,0.5625889035245674,0.9902561171443347,0.009743882855665298,436596,4296,0.014273252037047348,0.8950186219739292,171056,3845,265540,451
test,vip_level,V1,0.15,440892,171507,0.3890000272175499,0.566282907526728,0.6723333862406976,0.39588166715921597,0.9919420198592477,0.5659100132392173,0.9746990192609528,0.025300980739047185,429737,11155,0.03627893164058875,0.8761093679964141,170125,9773,259612,1382
test,vip_level,V1,0.2,440892,171507,0.3890000272175499,0.566282907526728,0.6723333862406976,0.4080375844470012,0.967744756773776,0.5740388157109729,0.9225932881522005,0.07740671184779946,406764,34128,0.10615290383651652,0.8379043600562588,165975,28596,240789,5532
test,vip_level,V1,0.25,440892,171507,0.3890000272175499,0.566282907526728,0.6723333862406976,0.4276577082118866,0.9153795471904936,0.5829609234156874,0.8326347495531785,0.1673652504468215,367102,73790,0.22004565955788183,0.8033202330939152,156994,59277,210108,14513
test,vip_level,V1,0.3,440892,171507,0.3890000272175499,0.566282907526728,0.6723333862406976,0.45029864078757753,0.8435574058201706,0.5871638568494875,0.7287249485134681,0.27127505148653186,321289,119603,0.34438443120441004,0.7756661622200112,144676,92772,176613,26831
test,vip_level,V1,0.35,440892,171507,0.3890000272175499,0.566282907526728,0.6723333862406976,0.47692023018707325,0.7514037327922476,0.5834936906017812,0.6128825199822179,0.3871174800177821,270215,170677,0.4753085732316202,0.7501948124234665,128871,128041,141344,42636
test,vip_level,V1,0.4,440892,171507,0.3890000272175499,0.566282907526728,0.6723333862406976,0.5065846390464289,0.6452797844985919,0.5675821217016693,0.4955022998829645,0.5044977001170354,218463,222429,0.599855225792082,0.7264880029132892,110670,161592,107793,60837
test,vip_level,V1,0.45,440892,171507,0.3890000272175499,0.566282907526728,0.6723333862406976,0.5478217936058069,0.4981429329415126,0.5218025963397168,0.35372381444888995,0.6462761855511101,155954,284938,0.7382222469699501,0.6979272683882107,85435,198866,70519,86072
test,vip_level,V1,0.5,440892,171507,0.3890000272175499,0.566282907526728,0.6723333862406976,0.5993190343749072,0.3530526450815419,0.4443457841050855,0.22915589305317402,0.7708441069468259,101033,339859,0.8497243721810791,0.673523431776119,60551,228903,40482,110956
test,vip_level,V1,0.55,440892,171507,0.3890000272175499,0.566282907526728,0.6723333862406976,0.6457912665505495,0.24428740517879738,0.35448253688912956,0.14714941527630349,0.8528505847236965,64877,376015,0.9146945821036806,0.6553063042697764,41897,246405,22980,129610
test,vip_level,V1,0.6,440892,171507,0.3890000272175499,0.566282907526728,0.6723333862406976,0.6912466578375271,0.1612937081285312,0.26155649896466626,0.09076826070783775,0.9092317392921623,40019,400873,0.9541325612042244,0.6411731396227733,27663,257029,12356,143844
test,vip_level,V1,0.65,440892,171507,0.3890000272175499,0.566282907526728,0.6723333862406976,0.7304625199362041,0.10147690764808434,0.1781982563110176,0.05404044527911597,0.945959554720884,23826,417066,0.9761605137628302,0.6305069221657963,17404,262963,6422,154103
test,vip_level,V1,0.7,440892,171507,0.3890000272175499,0.566282907526728,0.6723333862406976,0.7627699180938198,0.05972934049339094,0.11078367227758643,0.0304609745697359,0.969539025430264,13430,427462,0.9881730608608497,0.6227430742381779,10244,266199,3186,161263
test,vip_level,V1,0.75,440892,171507,0.3890000272175499,0.566282907526728,0.6723333862406976,0.7983205237688585,0.032704204493111066,0.0628343219460828,0.01593587545249177,0.9840641245475082,7026,433866,0.9947398704456447,0.6176284843707505,5609,267968,1417,165898
test,vip_level,V1,0.8,440892,171507,0.3890000272175499,0.566282907526728,0.6723333862406976,0.8195284159613059,0.015806934993906955,0.031015645110545435,0.007502971249194814,0.9924970287508051,3308,437584,0.9977838409711008,0.61425463453874,2711,268788,597,168796
test,vip_level,V1,0.85,440892,171507,0.3890000272175499,0.566282907526728,0.6723333862406976,0.8270142180094787,0.00610470709650335,0.01211994929763331,0.0028714515119348956,0.9971285484880651,1266,439626,0.9991870371401526,0.6122613312224482,1047,269166,219,170460
test,vip_level,V1,0.9,440892,171507,0.3890000272175499,0.566282907526728,0.6723333862406976,0.8773584905660378,0.0005422519197467159,0.0010838339752815929,0.000240421690572748,0.9997595783094273,106,440786,0.999951741930694,0.6111174129849859,93,269372,13,171414
test,vip_level,V1,0.95,440892,171507,0.3890000272175499,0.566282907526728,0.6723333862406976,0.0,0.0,0.0,0.0,1.0,0,440892,1.0,0.6109999727824501,0,269385,0,171507
test,vip_level,V2,0.05,164784,83699,0.5079315953005146,0.6865825823793101,0.6882592551338632,0.5079315953005146,1.0,0.6736798895699102,1.0,0.0,164784,0,0.0,0.0,83699,0,81085,0
test,vip_level,V2,0.1,164784,83699,0.5079315953005146,0.6865825823793101,0.6882592551338632,0.5079315953005146,1.0,0.6736798895699102,1.0,0.0,164784,0,0.0,0.0,83699,0,81085,0
test,vip_level,V2,0.15,164784,83699,0.5079315953005146,0.6865825823793101,0.6882592551338632,0.5080180147371233,0.9999880524259549,0.6737531847069667,0.9998179434896592,0.00018205651034075565,164754,30,0.0003576493802799531,0.9666666666666667,83698,29,81056,1
test,vip_level,V2,0.2,164784,83699,0.5079315953005146,0.6865825823793101,0.6882592551338632,0.5084471777918227,0.999605730056512,0.6740436090891879,0.9985920963200311,0.0014079036799689026,164552,232,0.0024542147129555407,0.8577586206896551,83666,199,80886,33
test,vip_level,V2,0.25,164784,83699,0.5079315953005146,0.6865825823793101,0.6882592551338632,0.5147131921662194,0.9897370338952676,0.6772317213245423,0.9766967666763764,0.023303233323623607,160944,3840,0.03676388974532897,0.7763020833333333,82840,2981,78104,859
test,vip_level,V2,0.3,164784,83699,0.5079315953005146,0.6865825823793101,0.6882592551338632,0.5284929129302863,0.9604415823367065,0.6818118206838644,0.9230750558306632,0.07692494416933682,152108,12676,0.1154960843559228,0.7387977279899022,80388,9365,71720,3311
test,vip_level,V2,0.35,164784,83699,0.5079315953005146,0.6865825823793101,0.6882592551338632,0.550763342114072,0.9042760367507378,0.684575413461408,0.8339523254684921,0.16604767453150793,137422,27362,0.23863846580748596,0.7071851472845552,75687,19350,61735,8012
test,vip_level,V2,0.4,164784,83699,0.5079315953005146,0.6865825823793101,0.6882592551338632,0.5784505802852447,0.8324950118878361,0.6826021150389161,0.7310054374211088,0.2689945625788912,120458,44326,0.37375593512980204,0.6837070793665118,69679,30306,50779,14020
test,vip_level,V2,0.45,164784,83699,0.5079315953005146,0.6865825823793101,0.6882592551338632,0.6128010634970285,0.7490173120347914,0.6740966543550373,0.6208369744635401,0.37916302553645986,102304,62480,0.5114756120120861,0.663780409731114,62692,41473,39612,21007
test,vip_level,V2,0.5,164784,83699,0.5079315953005146,0.6865825823793101,0.6882592551338632,0.6445448268598378,0.6580365356814298,0.651220809932013,0.5185636955044179,0.48143630449558206,85451,79333,0.6254054387371277,0.6392169714998802,55077,50711,30374,28622
test,vip_level,V2,0.55,164784,83699,0.5079315953005146,0.6865825823793101,0.6882592551338632,0.6751394018393801,0.5569361641118771,0.6103676740166554,0.41900305854937375,0.5809969414506262,69045,95739,0.7233767034593328,0.6126552397664483,46615,58655,22430,37084
test,vip_level,V2,0.6,164784,83699,0.5079315953005146,0.6865825823793101,0.6882592551338632,0.7027484379648914,0.45151077073800167,0.5497872340425531,0.3263423633362462,0.6736576366637538,53776,111008,0.8028611950422396,0.5864442202363793,37791,65100,15985,45908
test,vip_level,V2,0.65,164784,83699,0.5079315953005146,0.6865825823793101,0.6882592551338632,0.7338399084001249,0.3369215880715421,0.4618143408091577,0.23320225264588795,0.7667977473541121,38428,126356,0.8738607633964358,0.5607727373452784,28200,70857,10228,55499
test,vip_level,V2,0.7,164784,83699,0.5079315953005146,0.6865825823793101,0.6882592551338632,0.765386285578935,0.2316395655862077,0.35564523525635144,0.1537224487814351,0.846277551218565,25331,139453,0.9267065425171117,0.5388338723440873,19388,75142,5943,64311
test,vip_level,V2,0.75,164784,83699,0.5079315953005146,0.6865825823793101,0.6882592551338632,0.792868920032976,0.13788695205438536,0.23491934252709787,0.08833381881736091,0.9116661811826391,14556,150228,0.962816797188136,0.519676757994515,11541,78070,3015,72158
test,vip_level,V2,0.8,164784,83699,0.5079315953005146,0.6865825823793101,0.6882592551338632,0.8323815403611668,0.06443326682517114,0.11960788662423208,0.03931813768327022,0.9606818623167298,6479,158305,0.9866066473453783,0.5053472726698461,5393,79999,1086,78306
test,vip_level,V2,0.85,164784,83699,0.5079315953005146,0.6865825823793101,0.6882592551338632,0.856418918918919,0.01817226012258211,0.0355893536121673,0.01077774541217594,0.9892222545878241,1776,163008,0.9968551520009866,0.4958652336081665,1521,80830,255,82178
test,vip_level,V2,0.9,164784,83699,0.5079315953005146,0.6865825823793101,0.6882592551338632,0.9017341040462428,0.0018638215510340624,0.0037199542159481115,0.0010498592096320032,0.998950140790368,173,164611,0.9997903434667325,0.4924822763970816,156,81068,17,83543
test,vip_level,V2,0.95,164784,83699,0.5079315953005146,0.6865825823793101,0.6882592551338632,0.0,0.0,0.0,0.0,1.0,0,164784,1.0,0.4920684046994854,0,81085,0,83699
test,vip_level,V3,0.05,558380,313318,0.5611196676098714,0.7602996532622808,0.7178505237698102,0.5611196676098714,1.0,0.7188682318876491,1.0,0.0,558380,0,0.0,0.0,313318,0,245062,0
test,vip_level,V3,0.1,558380,313318,0.5611196676098714,0.7602996532622808,0.7178505237698102,0.5611196676098714,1.0,0.7188682318876491,1.0,0.0,558380,0,0.0,0.0,313318,0,245062,0
test,vip_level,V3,0.15,558380,313318,0.5611196676098714,0.7602996532622808,0.7178505237698102,0.561124523598017,0.9999585086078681,0.7188614957495383,0.9999498549374978,5.0145062502227056e-05,558352,28,6.120900017138521e-05,0.5357142857142857,313305,15,245047,13
test,vip_level,V3,0.2,558380,313318,0.5611196676098714,0.7602996532622808,0.7178505237698102,0.5613225551527576,0.9997542432927569,0.7189711703213028,0.999392886564705,0.0006071134352949592,558041,339,0.001069117202993528,0.7728613569321534,313241,262,244800,77
test,vip_level,V3,0.25,558380,313318,0.5611196676098714,0.7602996532622808,0.7178505237698102,0.5650380860189325,0.9948391091478944,0.7207259492880629,0.9879401124682116,0.012059887531788438,551646,6734,0.020880430258465206,0.7598752598752598,311701,5117,239945,1617
test,vip_level,V3,0.3,558380,313318,0.5611196676098714,0.7602996532622808,0.7178505237698102,0.5802756449997616,0.9708826176600132,0.7263985252100489,0.9388319782227157,0.06116802177728431,524225,34155,0.10214557948600762,0.7328941589811155,304195,25032,220030,9123
test,vip_level,V3,0.35,558380,313318,0.5611196676098714,0.7602996532622808,0.7178505237698102,0.6095428476542043,0.9138415284152204,0.7313000924587384,0.8412443139080913,0.1587556860919087,469734,88646,0.2515730713044046,0.69547413306861,286323,61651,183411,26995
test,vip_level,V3,0.4,558380,313318,0.5611196676098714,0.7602996532622808,0.7178505237698102,0.6382202335375191,0.8512916589535232,0.7295162450529102,0.7484508757476988,0.25154912425230125,417920,140460,0.3830336812724943,0.6682827851345579,266725,93867,151195,46593
test,vip_level,V3,0.45,558380,313318,0.5611196676098714,0.7602996532622808,0.7178505237698102,0.670165493982786,0.7788317300633861,0.7204239489844119,0.6521043017300047,0.34789569826999533,364122,194258,0.5099199386277758,0.6432785264956913,244022,124962,120100,69296
test,vip_level,V3,0.5,558380,313318,0.5611196676098714,0.7602996532622808,0.7178505237698102,0.6977858672644284,0.7133487383425147,0.7054814842872114,0.5736344424943587,0.4263655575056413,320306,238074,0.6049938382939828,0.6227517494560515,223505,148261,96801,89813
test,vip_level,V3,0.55,558380,313318,0.5611196676098714,0.7602996532622808,0.7178505237698102,0.7257401882861892,0.6382301687103837,0.6791779314467374,0.4934596511336366,0.5065403488663633,275538,282842,0.6916331377365728,0.5992497578153174,199969,169493,75569,113349
test,vip_level,V3,0.6,558380,313318,0.5611196676098714,0.7602996532622808,0.7178505237698102,0.7513915849284604,0.5596550469491061,0.6415028764279247,0.41793581431999716,0.5820641856800028,233367,325013,0.7632558291371163,0.5755000569208001,175350,187045,58017,137968
test,vip_level,V3,0.65,558380,313318,0.5611196676098714,0.7602996532622808,0.7178505237698102,0.7784808781493406,0.467643097428172,0.5842937240295734,0.33707152834986925,0.6629284716501307,188214,370166,0.8298675437236291,0.5493994586212673,146521,203369,41693,166797
test,vip_level,V3,0.7,558380,313318,0.5611196676098714,0.7602996532622808,0.7178505237698102,0.8044835200896977,0.37556412335071715,0.5120727957927443,0.26195243382642647,0.7380475661735735,146269,412111,0.8833030008732484,0.5252565449599744,117671,216464,28598,195647
test,vip_level,V3,0.75,558380,313318,0.5611196676098714,0.7602996532622808,0.7178505237698102,0.8314755142568099,0.28330641712254007,0.42261601527349946,0.19118879616032092,0.8088112038396791,106756,451624,0.9265859251944406,0.5027877172160913,88765,227071,17991,224553
test,vip_level,V3,0.8,558380,313318,0.5611196676098714,0.7602996532622808,0.7178505237698102,0.8592745935222322,0.19077103773163367,0.31222396631834076,0.12457645331136502,0.875423546688635,69561,488819,0.960055006488154,0.4813090325867039,59772,235273,9789,253546
test,vip_level,V3,0.85,558380,313318,0.5611196676098714,0.7602996532622808,0.7178505237698102,0.8860183235645592,0.09938784238377622,0.178727214288994,0.06294279881084566,0.9370572011891544,35146,523234,0.9836531163542287,0.46070400623812674,31140,241056,4006,282178
test,vip_level,V3,0.9,558380,313318,0.5611196676098714,0.7602996532622808,0.7178505237698102,0.9200716444643456,0.026232134764041643,0.05100992704444672,0.015998065833303484,0.9840019341666966,8933,549447,0.9970864515918421,0.44471623286686435,8219,244348,714,305099
test,vip_level,V3,0.95,558380,313318,0.5611196676098714,0.7602996532622808,0.7178505237698102,0.9539007092198581,0.0008585526525766154,0.0017155612244897959,0.0005050324152011175,0.9994949675847988,282,558098,0.9999469521998514,0.4390787997806837,269,245049,13,313049
test,vip_level,V4,0.05,232768,144587,0.6211635620016497,0.8175167130860623,0.7340366323974108,0.6211635620016497,1.0,0.7663181884432431,1.0,0.0,232768,0,0.0,0.0,144587,0,88181,0
test,vip_level,V4,0.1,232768,144587,0.6211635620016497,0.8175167130860623,0.7340366323974108,0.6211635620016497,1.0,0.7663181884432431,1.0,0.0,232768,0,0.0,0.0,144587,0,88181,0
test,vip_level,V4,0.15,232768,144587,0.6211635620016497,0.8175167130860623,0.7340366323974108,0.6211672717118123,0.9999930837488847,0.7663189806864678,0.9999871116304647,1.2888369535279942e-05,232765,3,2.268062280990236e-05,0.6666666666666666,144586,2,88179,1
test,vip_level,V4,0.2,232768,144587,0.6211635620016497,0.8175167130860623,0.7340366323974108,0.6219834988185774,0.9995089461708175,0.7667973703619201,0.9981913321418752,0.001808667858124835,232347,421,0.003969108991732913,0.831353919239905,144516,350,87831,71
test,vip_level,V4,0.25,232768,144587,0.6211635620016497,0.8175167130860623,0.7340366323974108,0.6241017471558934,0.9971159232849426,0.7676967765468289,0.9924216387132252,0.007578361286774804,231004,1764,0.01527539946246924,0.7636054421768708,144170,1347,86834,417
test,vip_level,V4,0.3,232768,144587,0.6211635620016497,0.8175167130860623,0.7340366323974108,0.6266135130763951,0.9914515136215566,0.7679010493949507,0.9828283956557602,0.01717160434423981,228771,3997,0.031310599789070206,0.6907680760570428,143351,2761,85420,1236
test,vip_level,V4,0.35,232768,144587,0.6211635620016497,0.8175167130860623,0.7340366323974108,0.6414235084562132,0.9663386058221002,0.7710497633927955,0.9358159197140501,0.06418408028594991,217828,14940,0.11423095678207323,0.6742302543507362,139720,10073,78108,4867
test,vip_level,V4,0.4,232768,144587,0.6211635620016497,0.8175167130860623,0.7340366323974108,0.6647350662833413,0.9211132397795099,0.7722003020823972,0.8607368710475667,0.1392631289524333,200352,32416,0.2382599426180243,0.6481367226061204,133181,21010,67171,11406
test,vip_level,V4,0.45,232768,144587,0.6211635620016497,0.8175167130860623,0.7340366323974108,0.6957584367065245,0.860402387489885,0.7693706341279388,0.7681554165521034,0.2318445834478966,178802,53966,0.38309839988206074,0.6259867323870585,124403,33782,54399,20184
test,vip_level,V4,0.5,232768,144587,0.6211635620016497,0.8175167130860623,0.7340366323974108,0.7286397201958119,0.7895868923208864,0.7578899849967471,0.6731208757217487,0.3268791242782513,156681,76087,0.5178439799956907,0.6001550856256653,114164,45664,42517,30423
test,vip_level,V4,0.55,232768,144587,0.6211635620016497,0.8175167130860623,0.7340366323974108,0.7533085533684819,0.7302800390076563,0.7416155699305366,0.6021746975529282,0.3978253024470718,140167,92601,0.6078747122395981,0.5788598395265709,105589,53603,34578,38998
test,vip_level,V4,0.6,232768,144587,0.6211635620016497,0.8175167130860623,0.7340366323974108,0.7824254644014015,0.6548721530981347,0.7129889346129373,0.5198996425625515,0.4801003574374485,121016,111752,0.7014096007076355,0.5534666046245257,94686,61851,26330,49901
test,vip_level,V4,0.65,232768,144587,0.6211635620016497,0.8175167130860623,0.7340366323974108,0.8100085066439823,0.5729560748891671,0.6711658429879284,0.43937740582897994,0.5606225941710201,102273,130495,0.7796464090903936,0.5268401088164297,82842,68750,19431,61745
test,vip_level,V4,0.7,232768,144587,0.6211635620016497,0.8175167130860623,0.7340366323974108,0.8340829525900433,0.4861017933839142,0.6142310314089455,0.36201281963156445,0.6379871803684356,84265,148503,0.8414511062473775,0.49965320565914495,70284,74200,13981,74303
test,vip_level,V4,0.75,232768,144587,0.6211635620016497,0.8175167130860623,0.7340366323974108,0.8587304915675643,0.3965363414414851,0.5425425709594849,0.2868349601319769,0.7131650398680232,66766,166002,0.8930381828285004,0.47438585077288226,57334,78749,9432,87253
test,vip_level,V4,0.8,232768,144587,0.6211635620016497,0.8175167130860623,0.7340366323974108,0.8823792759610102,0.2998955646081598,0.44764824909150974,0.21111578911190543,0.7888842108880946,49141,183627,0.9344530000793821,0.4487411981898087,43361,82401,5780,101226
test,vip_level,V4,0.85,232768,144587,0.6211635620016497,0.8175167130860623,0.7340366323974108,0.9081136096180147,0.1974728018424893,0.3244029358965619,0.13507440885345065,0.8649255911465493,31441,201327,0.9672378403510961,0.4236490882991352,28552,85292,2889,116035
test,vip_level,V4,0.9,232768,144587,0.6211635620016497,0.8175167130860623,0.7340366323974108,0.9359574008778874,0.08995967825599811,0.16414275258070216,0.0597032238108331,0.9402967761891668,13897,218871,0.9899071228495935,0.39882396480118426,13007,87291,890,131580
test,vip_level,V4,0.95,232768,144587,0.6211635620016497,0.8175167130860623,0.7340366323974108,0.9659763313609467,0.013548935934765919,0.026723050165399175,0.00871253780588397,0.991287462194116,2028,230740,0.9992175185130584,0.3818670364912889,1959,88112,69,142628
test,vip_level,V5,0.05,23978,15902,0.6631912586537659,0.8397751609465112,0.7286499002153419,0.6631912586537659,1.0,0.7974924774322969,1.0,0.0,23978,0,0.0,0.0,15902,0,8076,0
test,vip_level,V5,0.1,23978,15902,0.6631912586537659,0.8397751609465112,0.7286499002153419,0.6631912586537659,1.0,0.7974924774322969,1.0,0.0,23978,0,0.0,0.0,15902,0,8076,0
test,vip_level,V5,0.15,23978,15902,0.6631912586537659,0.8397751609465112,0.7286499002153419,0.6631912586537659,1.0,0.7974924774322969,1.0,0.0,23978,0,0.0,0.0,15902,0,8076,0
test,vip_level,V5,0.2,23978,15902,0.6631912586537659,0.8397751609465112,0.7286499002153419,0.6631908237747653,0.999874229656647,0.7974521654086315,0.9998748853115356,0.00012511468846443385,23975,3,0.00012382367508667657,0.3333333333333333,15900,1,8075,2
test,vip_level,V5,0.25,23978,15902,0.6631912586537659,0.8397751609465112,0.7286499002153419,0.6643087355070947,0.9980505596780279,0.7976779835649486,0.9963716740345316,0.0036283259654683597,23891,87,0.006934125804853888,0.6436781609195402,15871,56,8020,31
test,vip_level,V5,0.3,23978,15902,0.6631912586537659,0.8397751609465112,0.7286499002153419,0.6659352715304443,0.9924537793988177,0.7970505795308199,0.9883643339728084,0.011635666027191571,23699,279,0.019687964338781574,0.5698924731182796,15782,159,7917,120
test,vip_level,V5,0.35,23978,15902,0.6631912586537659,0.8397751609465112,0.7286499002153419,0.6784396415392725,0.9711985913721545,0.7988413593337816,0.9493702560680624,0.05062974393193764,22764,1214,0.09361069836552749,0.6227347611202636,15444,756,7320,458
test,vip_level,V5,0.4,23978,15902,0.6631912586537659,0.8397751609465112,0.7286499002153419,0.7025228589209632,0.9228398943529116,0.7977494495936506,0.8711735757777963,0.1288264242222037,20889,3089,0.2305596830113918,0.6027840725153771,14675,1862,6214,1227
test,vip_level,V5,0.45,23978,15902,0.6631912586537659,0.8397751609465112,0.7286499002153419,0.7265886287625418,0.8743554269903157,0.7936526057423369,0.7980648928184169,0.20193510718158314,19136,4842,0.3521545319465082,0.587360594795539,13904,2844,5232,1998
test,vip_level,V5,0.5,23978,15902,0.6631912586537659,0.8397751609465112,0.7286499002153419,0.7509571876087713,0.8140485473525343,0.7812311406155703,0.7189089999165902,0.2810910000834098,17238,6740,0.4684249628528975,0.5612759643916914,12945,3783,4293,2957
test,vip_level,V5,0.55,23978,15902,0.6631912586537659,0.8397751609465112,0.7286499002153419,0.7732445364024312,0.7520437680794868,0.7624968120377454,0.6450079239302694,0.3549920760697306,15466,8512,0.5657503714710252,0.5367716165413534,11959,4569,3507,3943
test,vip_level,V5,0.6,23978,15902,0.6631912586537659,0.8397751609465112,0.7286499002153419,0.7957168784029038,0.6892843667463212,0.7386865249182869,0.5744849445324881,0.4255150554675119,13775,10203,0.6515601783060921,0.5157306674507498,10961,5262,2814,4941
test,vip_level,V5,0.65,23978,15902,0.6631912586537659,0.8397751609465112,0.7286499002153419,0.8175670034232279,0.6157716010564709,0.7024642203809319,0.4994995412461423,0.5005004587538577,11977,12001,0.7294452699356117,0.4908757603533039,9792,5891,2185,6110
test,vip_level,V5,0.7,23978,15902,0.6631912586537659,0.8397751609465112,0.7286499002153419,0.8381944444444445,0.5313168154949063,0.6503733353860365,0.42038535324047044,0.5796146467595296,10080,13898,0.7980435859336306,0.46373578932220466,8449,6445,1631,7453
test,vip_level,V5,0.75,23978,15902,0.6631912586537659,0.8397751609465112,0.7286499002153419,0.8656569388006403,0.4420827568859263,0.5852724472380635,0.33868546167320046,0.6613145383267995,8121,15857,0.8649083704804359,0.44049946395913475,7030,6985,1091,8872
test,vip_level,V5,0.8,23978,15902,0.6631912586537659,0.8397751609465112,0.7286499002153419,0.8890532544378699,0.3401458935982895,0.49204038933867006,0.25373258820585537,0.7462674117941446,6084,17894,0.9164190193164933,0.41360232480160947,5409,7401,675,10493
test,vip_level,V5,0.85,23978,15902,0.6631912586537659,0.8397751609465112,0.7286499002153419,0.9133143005450298,0.22129291912966922,0.3562642369020501,0.16068896488447743,0.8393110351155226,3853,20125,0.9586428925210501,0.38469565217391305,3519,7742,334,12383
test,vip_level,V5,0.9,23978,15902,0.6631912586537659,0.8397751609465112,0.7286499002153419,0.9474648747709224,0.09753490127028047,0.17686299104852043,0.06827091500542164,0.9317290849945784,1637,22341,0.9893511639425459,0.3576384226310371,1551,7990,86,14351
test,vip_level,V5,0.95,23978,15902,0.6631912586537659,0.8397751609465112,0.7286499002153419,0.9893617021276596,0.01754496289774871,0.034478497281265445,0.011760780715656017,0.988239219284344,282,23696,0.99962852897474,0.34069041188386223,279,8073,3,15623
test,vip_level,V6,0.05,2504,1617,0.6457667731629393,0.8325163271829434,0.7448564749257292,0.6457667731629393,1.0,0.7847609803445765,1.0,0.0,2504,0,0.0,0.0,1617,0,887,0
test,vip_level,V6,0.1,2504,1617,0.6457667731629393,0.8325163271829434,0.7448564749257292,0.6457667731629393,1.0,0.7847609803445765,1.0,0.0,2504,0,0.0,0.0,1617,0,887,0
test,vip_level,V6,0.15,2504,1617,0.6457667731629393,0.8325163271829434,0.7448564749257292,0.6460247702756692,1.0,0.7849514563106796,0.9996006389776357,0.0003993610223642641,2503,1,0.0011273957158962795,1.0,1617,1,886,0
test,vip_level,V6,0.2,2504,1617,0.6457667731629393,0.8325163271829434,0.7448564749257292,0.6472244569589702,0.9950525664811379,0.7843041676821838,0.9928115015974441,0.007188498402555865,2486,18,0.011273957158962795,0.5555555555555556,1609,10,877,8
test,vip_level,V6,0.25,2504,1617,0.6457667731629393,0.8325163271829434,0.7448564749257292,0.6586077532305127,0.9771181199752629,0.7868525896414342,0.9580670926517572,0.04193290734824284,2399,105,0.07666290868094701,0.6476190476190476,1580,68,819,37
test,vip_level,V6,0.3,2504,1617,0.6457667731629393,0.8325163271829434,0.7448564749257292,0.6814946619217082,0.9474335188620903,0.7927554980595084,0.8977635782747604,0.10223642172523961,2248,256,0.1927846674182638,0.66796875,1532,171,716,85
test,vip_level,V6,0.35,2504,1617,0.6457667731629393,0.8325163271829434,0.7448564749257292,0.7010947168015231,0.9109461966604824,0.792361484669177,0.8390575079872205,0.16094249201277955,2101,403,0.2919954904171364,0.6426799007444168,1473,259,628,144
test,vip_level,V6,0.4,2504,1617,0.6457667731629393,0.8325163271829434,0.7448564749257292,0.7238729508196722,0.8738404452690167,0.791818436536845,0.7795527156549521,0.2204472843450479,1952,552,0.3923337091319053,0.6304347826086957,1413,348,539,204
test,vip_level,V6,0.45,2504,1617,0.6457667731629393,0.8325163271829434,0.7448564749257292,0.7438692098092643,0.8441558441558441,0.790845886442642,0.7328274760383386,0.26717252396166136,1835,669,0.4701240135287486,0.6233183856502242,1365,417,470,252
test,vip_level,V6,0.5,2504,1617,0.6457667731629393,0.8325163271829434,0.7448564749257292,0.7620446533490012,0.8021026592455164,0.7815607110575474,0.6797124600638977,0.32028753993610226,1702,802,0.5434047350620068,0.600997506234414,1297,482,405,320
test,vip_level,V6,0.55,2504,1617,0.6457667731629393,0.8325163271829434,0.7448564749257292,0.7761755485893417,0.7656153370439085,0.7708592777085927,0.6369808306709265,0.3630191693290735,1595,909,0.5975197294250282,0.583058305830583,1238,530,357,379
test,vip_level,V6,0.6,2504,1617,0.6457667731629393,0.8325163271829434,0.7448564749257292,0.7913279132791328,0.7223252937538652,0.7552537989007436,0.5894568690095847,0.4105431309904153,1476,1028,0.6527621195039459,0.5632295719844358,1168,579,308,449
test,vip_level,V6,0.65,2504,1617,0.6457667731629393,0.8325163271829434,0.7448564749257292,0.8106870229007633,0.6567717996289425,0.7256576699692517,0.5231629392971247,0.47683706070287535,1310,1194,0.7204058624577226,0.535175879396985,1062,639,248,555
test,vip_level,V6,0.7,2504,1617,0.6457667731629393,0.8325163271829434,0.7448564749257292,0.8307552320291174,0.564625850340136,0.6723122238586157,0.43889776357827476,0.5611022364217253,1099,1405,0.790304396843292,0.498932384341637,913,701,186,704
test,vip_level,V6,0.75,2504,1617,0.6457667731629393,0.8325163271829434,0.7448564749257292,0.8409343715239155,0.4675324675324675,0.6009538950715422,0.3590255591054313,0.6409744408945687,899,1605,0.8387824126268321,0.4635514018691589,756,744,143,861
test,vip_level,V6,0.8,2504,1617,0.6457667731629393,0.8325163271829434,0.7448564749257292,0.8715328467153285,0.3692022263450835,0.5186794092093832,0.2735623003194888,0.7264376996805112,685,1819,0.9007891770011274,0.4392523364485981,597,799,88,1020
test,vip_level,V6,0.85,2504,1617,0.6457667731629393,0.8325163271829434,0.7448564749257292,0.909297052154195,0.24799010513296227,0.38969873663751214,0.1761182108626198,0.8238817891373802,441,2063,0.9549041713641488,0.4105671352399418,401,847,40,1216
test,vip_level,V6,0.9,2504,1617,0.6457667731629393,0.8325163271829434,0.7448564749257292,0.9297297297297298,0.10636982065553494,0.19089900110987792,0.0738817891373802,0.9261182108626198,185,2319,0.9853438556933484,0.376886589047003,172,874,13,1445
test,vip_level,V6,0.95,2504,1617,0.6457667731629393,0.8325163271829434,0.7448564749257292,0.9545454545454546,0.025974025974025976,0.050571944611679714,0.01757188498402556,0.9824281150159745,44,2460,0.9977452085682075,0.3597560975609756,42,885,2,1575
validation,vip_level,V1,0.05,193980,81483,0.42005876894525207,0.6057141113033997,0.6833718182042159,0.42378876624254846,0.9998404575187463,0.5952689743355558,0.9910403134343747,0.008959686565625291,192242,1738,0.015333742233126217,0.9925201380897584,81470,1725,110772,13
validation,vip_level,V1,0.1,193980,81483,0.42005876894525207,0.6057141113033997,0.6833718182042159,0.4278373266078184,0.999300467582195,0.5991545347181598,0.9811320754716981,0.018867924528301883,190320,3660,0.03202752073388624,0.9844262295081967,81426,3603,108894,57
validation,vip_level,V1,0.15,193980,81483,0.42005876894525207,0.6057141113033997,0.6833718182042159,0.43385657421674373,0.9952137255623873,0.6042810037444811,0.9635632539437056,0.03643674605629443,186912,7068,0.059361582975546015,0.9448217317487266,81093,6678,105819,390
validation,vip_level,V1,0.2,193980,81483,0.42005876894525207,0.6057141113033997,0.6833718182042159,0.44782844366149466,0.9733809506277383,0.6134320219961251,0.91302196102691,0.08697803897308998,177108,16872,0.13069681858182886,0.8714438122332859,79314,14703,97794,2169
validation,vip_level,V1,0.25,193980,81483,0.42005876894525207,0.6057141113033997,0.6833718182042159,0.4676550534324616,0.9248186738338058,0.6211910757931094,0.8306938859676255,0.1693061140323745,161138,32842,0.23748188840591306,0.8134705559953718,75357,26716,85781,6126
validation,vip_level,V1,0.3,193980,81483,0.42005876894525207,0.6057141113033997,0.6833718182042159,0.4907162927297629,0.8530368297681725,0.6230297271981678,0.7302092999278276,0.26979070007217243,141646,52334,0.35875623349956,0.771181258837467,69508,40359,72138,11975
validation,vip_level,V1,0.35,193980,81483,0.42005876894525207,0.6057141113033997,0.6833718182042159,0.5160706126687435,0.7623921554189217,0.615501986544997,0.6205536653263223,0.3794463346736777,120375,73605,0.48218174706881073,0.7369608042931866,62122,54244,58253,19361
validation,vip_level,V1,0.4,193980,81483,0.42005876894525207,0.6057141113033997,0.6833718182042159,0.5447162839527775,0.6494974411840506,0.5925100761307658,0.5008609134962367,0.49913908650376326,97157,96823,0.6067984035129825,0.7050287638267767,52923,68263,44234,28560
validation,vip_level,V1,0.45,193980,81483,0.42005876894525207,0.6057141113033997,0.6833718182042159,0.5850921103882053,0.49774799651461044,0.5378973753663745,0.3573512733271471,0.6426487266728529,69319,124661,0.7443398490626417,0.6717096766430559,40558,83736,28761,40925
validation,vip_level,V1,0.5,193980,81483,0.42005876894525207,0.6057141113033997,0.6833718182042159,0.6297416593847326,0.3449308444706258,0.4457237102938611,0.2300804206619239,0.7699195793380761,44631,149349,0.853107193969617,0.6426022269985069,28106,95972,16525,53377
validation,vip_level,V1,0.55,193980,81483,0.42005876894525207,0.6057141113033997,0.6833718182042159,0.6753341433778858,0.23873691444841255,0.3527673001595822,0.14849469017424477,0.8515053098257552,28805,165175,0.9168688942816253,0.6244589072196156,19453,103145,9352,62030
validation,vip_level,V1,0.6,193980,81483,0.42005876894525207,0.6057141113033997,0.6833718182042159,0.7204889921451488,0.15984929371770798,0.26164863751870715,0.09319517476028456,0.9068048252397154,18078,175902,0.9550832466643555,0.6108173869540995,13025,107444,5053,68458
validation,vip_level,V1,0.65,193980,81483,0.42005876894525207,0.6057141113033997,0.6833718182042159,0.7686061038729253,0.10570303007989397,0.1858472957956176,0.05776884214867512,0.9422311578513248,11206,182774,0.9769504964576833,0.601310908553733,8613,109904,2593,72870
validation,vip_level,V1,0.7,193980,81483,0.42005876894525207,0.6057141113033997,0.6833718182042159,0.812850812407681,0.06753555956457175,0.12470964159858589,0.034900505206722346,0.9650994947932776,6770,187210,0.988737477443843,0.5941456118797073,5503,111230,1267,75980
validation,vip_level,V1,0.75,193980,81483,0.42005876894525207,0.6057141113033997,0.6833718182042159,0.8559344435633095,0.039738350330743834,0.07595055473459526,0.019502010516548096,0.9804979894834519,3783,190197,0.9951554263669253,0.5886107562159235,3238,111952,545,78245
validation,vip_level,V1,0.8,193980,81483,0.42005876894525207,0.6057141113033997,0.6833718182042159,0.9017900338655056,0.022875937312077366,0.04461998803111909,0.010655737704918032,0.989344262295082,2067,191913,0.9981955074357538,0.5851297202378161,1864,112294,203,79619
validation,vip_level,V1,0.85,193980,81483,0.42005876894525207,0.6057141113033997,0.6833718182042159,0.9194560669456067,0.010787526232465667,0.021324858380135616,0.004928343128157542,0.9950716568718425,956,193024,0.999315537303217,0.5824146220159151,879,112420,77,80604
validation,vip_level,V1,0.9,193980,81483,0.42005876894525207,0.6057141113033997,0.6833718182042159,0.9142857142857143,0.0007854399077108109,0.0015695314703321767,0.00036086194453036394,0.9996391380554697,70,193910,0.9999466652444066,0.5801196431334124,64,112491,6,81419
validation,vip_level,V1,0.95,193980,81483,0.42005876894525207,0.6057141113033997,0.6833718182042159,0.0,0.0,0.0,0.0,1.0,0,193980,1.0,0.5799412310547479,0,112497,0,81483
validation,vip_level,V2,0.05,65958,35107,0.532262955213924,0.6999735082245088,0.6831749109110727,0.532262955213924,1.0,0.6947410082620096,1.0,0.0,65958,0,0.0,0.0,35107,0,30851,0
validation,vip_level,V2,0.1,65958,35107,0.532262955213924,0.6999735082245088,0.6831749109110727,0.532262955213924,1.0,0.6947410082620096,1.0,0.0,65958,0,0.0,0.0,35107,0,30851,0
validation,vip_level,V2,0.15,65958,35107,0.532262955213924,0.6999735082245088,0.6831749109110727,0.5322639335314452,0.9999715156521491,0.6947349672976262,0.9999696776736712,3.0322326328824367e-05,65956,2,3.241386016660724e-05,0.5,35106,1,30850,1
validation,vip_level,V2,0.2,65958,35107,0.532262955213924,0.6999735082245088,0.6831749109110727,0.5324685176756183,0.9996581878257897,0.694833542869022,0.999272264168107,0.0007277358318930061,65910,48,0.0011668989659978607,0.75,35095,36,30815,12
validation,vip_level,V2,0.25,65958,35107,0.532262955213924,0.6999735082245088,0.6831749109110727,0.5395472330911123,0.9898026034693935,0.6983951522947212,0.9764395524424634,0.023560447557536612,64404,1554,0.03876697675926226,0.7696267696267697,34749,1196,29655,358
validation,vip_level,V2,0.3,65958,35107,0.532262955213924,0.6999735082245088,0.6831749109110727,0.5529173538873556,0.9644515338821318,0.7028771900689197,0.9284241487006883,0.07157585129931165,61237,4721,0.11257333635862694,0.7356492268587164,33859,3473,27378,1248
validation,vip_level,V2,0.35,65958,35107,0.532262955213924,0.6999735082245088,0.6831749109110727,0.5758271317134404,0.9146608938388355,0.7067303459811604,0.8454622638648838,0.15453773613511623,55765,10193,0.23328255161907233,0.7060727950554302,32111,7197,23654,2996
validation,vip_level,V2,0.4,65958,35107,0.532262955213924,0.6999735082245088,0.6831749109110727,0.6012212687399834,0.844162132907967,0.7022748815165877,0.7473392158646411,0.25266078413535886,49293,16665,0.36284075070500144,0.6717071707170718,29636,11194,19657,5471
validation,vip_level,V2,0.45,65958,35107,0.532262955213924,0.6999735082245088,0.6831749109110727,0.6288938521217821,0.7619563050103968,0.689060044821102,0.6448800751993693,0.3551199248006307,42535,23423,0.4883472172701047,0.6432139350211331,26750,15066,15785,8357
validation,vip_level,V2,0.5,65958,35107,0.532262955213924,0.6999735082245088,0.6831749109110727,0.6536550154085344,0.6706354858005525,0.6620363861316537,0.5460899360198914,0.4539100639801086,36019,29939,0.5956370944215746,0.6137813554226929,23544,18376,12475,11563
validation,vip_level,V2,0.55,65958,35107,0.532262955213924,0.6999735082245088,0.6831749109110727,0.6814776808619805,0.5674936622326032,0.6192844487271145,0.4432366051123442,0.5567633948876558,29235,36723,0.6981621341285533,0.5865261552705389,19923,21539,9312,15184
validation,vip_level,V2,0.6,65958,35107,0.532262955213924,0.6999735082245088,0.6831749109110727,0.7083278631132117,0.4610476543139545,0.5585423927671762,0.34644773947057217,0.6535522605294278,22851,43107,0.7839616219895628,0.5610689679170436,16186,24186,6665,18921
validation,vip_level,V2,0.65,65958,35107,0.532262955213924,0.6999735082245088,0.6831749109110727,0.7355108055009824,0.34124248725325435,0.46619320945617276,0.24694502562236575,0.7530549743776342,16288,49670,0.8603610904022561,0.5343869538957117,11980,26543,4308,23127
validation,vip_level,V2,0.7,65958,35107,0.532262955213924,0.6999735082245088,0.6831749109110727,0.7637591342151512,0.23519526020451761,0.359641099351017,0.16390733497073895,0.836092665029261,10811,55147,0.9172150011344851,0.5131194806607794,8257,28297,2554,26850
validation,vip_level,V2,0.75,65958,35107,0.532262955213924,0.6999735082245088,0.6831749109110727,0.8025243649145231,0.14307687925484947,0.24285645215877774,0.09489372024621728,0.9051062797537828,6259,59699,0.9599364688340735,0.49607196100437195,5023,29615,1236,30084
validation,vip_level,V2,0.8,65958,35107,0.532262955213924,0.6999735082245088,0.6831749109110727,0.847663217980735,0.06767881049363375,0.12534951200211025,0.04249674034991965,0.9575032596500803,2803,63155,0.9861592817088587,0.48173541287309,2376,30424,427,32731
validation,vip_level,V2,0.85,65958,35107,0.532262955213924,0.6999735082245088,0.6831749109110727,0.8834586466165414,0.02008146523485345,0.039270296616070184,0.012098608205221505,0.9879013917947785,798,65160,0.9969855110045055,0.47203806015960714,705,30758,93,34402
validation,vip_level,V2,0.9,65958,35107,0.532262955213924,0.6999735082245088,0.6831749109110727,0.9154929577464789,0.001851482610305637,0.003695491500369549,0.0010764425846750963,0.9989235574153249,71,65887,0.9998055168390003,0.4681500144186258,65,30845,6,35042
validation,vip_level,V2,0.95,65958,35107,0.532262955213924,0.6999735082245088,0.6831749109110727,0.0,0.0,0.0,0.0,1.0,0,65958,1.0,0.467737044786076,0,30851,0,35107
validation,vip_level,V3,0.05,233189,131890,0.5655927166375773,0.7685938964426202,0.7209027334814608,0.5655927166375773,1.0,0.7225285486155051,1.0,0.0,233189,0,0.0,0.0,131890,0,101299,0
validation,vip_level,V3,0.1,233189,131890,0.5655927166375773,0.7685938964426202,0.7209027334814608,0.5655927166375773,1.0,0.7225285486155051,1.0,0.0,233189,0,0.0,0.0,131890,0,101299,0
validation,vip_level,V3,0.15,233189,131890,0.5655927166375773,0.7685938964426202,0.7209027334814608,0.5655938417994296,0.9999848358480552,0.7225255084571663,0.999982846532212,1.7153467787967003e-05,233185,4,1.9743531525483963e-05,0.5,131888,2,101297,2
validation,vip_level,V3,0.2,233189,131890,0.5655927166375773,0.7685938964426202,0.7209027334814608,0.5657407606014457,0.9999014330123588,0.7226235975835286,0.9996397771764535,0.0003602228235465299,233105,84,0.0007008953691546807,0.8452380952380952,131877,71,101228,13
validation,vip_level,V3,0.25,233189,131890,0.5655927166375773,0.7685938964426202,0.7209027334814608,0.5726083362129676,0.992554401395102,0.7262438732118932,0.9803935863183941,0.019606413681605872,228617,4572,0.03543963908824371,0.7852143482064742,130908,3590,97709,982
validation,vip_level,V3,0.3,233189,131890,0.5655927166375773,0.7685938964426202,0.7209027334814608,0.5876089995952758,0.9687239366138448,0.7315027395926967,0.9324282020163901,0.0675717979836099,217432,15757,0.11482837935221472,0.7382115885003491,127765,11632,89667,4125
validation,vip_level,V3,0.35,233189,131890,0.5655927166375773,0.7685938964426202,0.7209027334814608,0.6158177328291988,0.9113579498066571,0.7349912558549083,0.8370291909138081,0.16297080908619188,195186,38003,0.259745900749267,0.6923663921269374,120199,26312,74987,11691
validation,vip_level,V3,0.4,233189,131890,0.5655927166375773,0.7685938964426202,0.7209027334814608,0.6433387997568779,0.8506861778755023,0.732624196834352,0.7478826188199272,0.25211738118007276,174398,58791,0.385966297791686,0.6650337636713103,112197,39098,62201,19693
validation,vip_level,V3,0.45,233189,131890,0.5655927166375773,0.7685938964426202,0.7209027334814608,0.6745325723282818,0.7795814694063234,0.7232625211029825,0.6536757737286064,0.3463242262713936,152430,80759,0.5102518287446075,0.6400277368466673,102819,51688,49611,29071
validation,vip_level,V3,0.5,233189,131890,0.5655927166375773,0.7685938964426202,0.7209027334814608,0.7023372162485065,0.7131473197361438,0.7077009894285392,0.5742981015399525,0.42570189846004747,133920,99269,0.6064818013998163,0.6188840423495754,94057,61436,39863,37833
validation,vip_level,V3,0.55,233189,131890,0.5655927166375773,0.7685938964426202,0.7209027334814608,0.7300474360306084,0.6394571233603761,0.6817560849426467,0.49540930318325477,0.5045906968167453,115524,117665,0.6921391129231286,0.5958696298814431,84338,70113,31186,47552
validation,vip_level,V3,0.6,233189,131890,0.5655927166375773,0.7685938964426202,0.7209027334814608,0.7544874858892087,0.5624990522405034,0.6444993679930848,0.4216708335298835,0.5783291664701165,98329,134860,0.7616857027216458,0.572134064956251,74188,77158,24141,57702
validation,vip_level,V3,0.65,233189,131890,0.5655927166375773,0.7685938964426202,0.7209027334814608,0.7853468982255813,0.4735006444764577,0.5907979319707297,0.34100665125713475,0.6589933487428652,79519,153670,0.8314988301957571,0.5481226003774322,62450,84230,17069,69440
validation,vip_level,V3,0.7,233189,131890,0.5655927166375773,0.7685938964426202,0.7209027334814608,0.8120350285209288,0.3831753734172416,0.5206645202833226,0.266886516945482,0.7331134830545181,62235,170954,0.8845200841074443,0.5241234484130234,50537,89601,11698,81353
validation,vip_level,V3,0.75,233189,131890,0.5655927166375773,0.7685938964426202,0.7209027334814608,0.8399824542164711,0.2903859276669952,0.43157449925345803,0.19552809094768622,0.8044719090523138,45595,187594,0.9279755969950345,0.5010981161444396,38299,94003,7296,93591
validation,vip_level,V3,0.8,233189,131890,0.5655927166375773,0.7685938964426202,0.7209027334814608,0.8683875293328863,0.19640609598908182,0.3203561711600297,0.1279219860285005,0.8720780139714995,29830,203359,0.961243447615475,0.47882316494475285,25904,97373,3926,105986
validation,vip_level,V3,0.85,233189,131890,0.5655927166375773,0.7685938964426202,0.7209027334814608,0.9003617231173956,0.10379862006217302,0.18613821000033992,0.06520461942887529,0.9347953805711247,15205,217984,0.9850442748694459,0.45775836758661187,13690,99784,1515,118200
validation,vip_level,V3,0.9,233189,131890,0.5655927166375773,0.7685938964426202,0.7209027334814608,0.9281697341513292,0.027530517855788916,0.05347491200424147,0.01677609149659718,0.9832239085034028,3912,229277,0.9972260338206695,0.44059369234593965,3631,101018,281,128259
validation,vip_level,V3,0.95,233189,131890,0.5655927166375773,0.7685938964426202,0.7209027334814608,0.9534883720930233,0.000932595344605353,0.001863368151553943,0.0005531993361607966,0.9994468006638392,129,233060,0.9999407694054235,0.43462198575474126,123,101293,6,131767
validation,vip_level,V4,0.05,107670,64961,0.6033342620971487,0.8183624761321646,0.7493233332766813,0.6033342620971487,1.0,0.7525994751811668,1.0,0.0,107670,0,0.0,0.0,64961,0,42709,0
validation,vip_level,V4,0.1,107670,64961,0.6033342620971487,0.8183624761321646,0.7493233332766813,0.6033342620971487,1.0,0.7525994751811668,1.0,0.0,107670,0,0.0,0.0,64961,0,42709,0
validation,vip_level,V4,0.15,107670,64961,0.6033342620971487,0.8183624761321646,0.7493233332766813,0.6033361815952744,0.9999846061483044,0.7525966089127551,0.9999814247236928,1.857527630722e-05,107668,2,2.3414268655318552e-05,0.5,64960,1,42708,1
validation,vip_level,V4,0.2,107670,64961,0.6033342620971487,0.8183624761321646,0.7493233332766813,0.607229547989241,0.9973984390634381,0.7548787734035488,0.9910002786291446,0.008999721370855363,106701,969,0.01873141492425484,0.8255933952528379,64792,800,41909,169
validation,vip_level,V4,0.25,107670,64961,0.6033342620971487,0.8183624761321646,0.7493233332766813,0.623290477398209,0.9836055479441511,0.7630512016718913,0.952112937679948,0.04788706232005202,102514,5156,0.09578777306890819,0.79344453064391,63896,4091,38618,1065
validation,vip_level,V4,0.3,107670,64961,0.6033342620971487,0.8183624761321646,0.7493233332766813,0.6327926735076685,0.9711211342189929,0.7662735190156328,0.9259125104485929,0.07408748955140709,99693,7977,0.14285045306609848,0.7648238686222891,63085,6101,36608,1876
validation,vip_level,V4,0.35,107670,64961,0.6033342620971487,0.8183624761321646,0.7493233332766813,0.648557484531301,0.9471529071288928,0.769918037915285,0.881108943995542,0.11889105600445804,94869,12801,0.2193448687630242,0.7318178267322866,61528,9368,33341,3433
validation,vip_level,V4,0.4,107670,64961,0.6033342620971487,0.8183624761321646,0.7493233332766813,0.6718746415215546,0.901617893813211,0.7699740362178329,0.809640568403455,0.190359431596545,87174,20496,0.33025825938326814,0.6881830601092896,58570,14105,28604,6391
validation,vip_level,V4,0.45,107670,64961,0.6033342620971487,0.8183624761321646,0.7493233332766813,0.6991851198014609,0.8413663582765044,0.7637146130844256,0.7260239621064364,0.2739760378935636,78171,29499,0.44941347257018427,0.6506661242753992,54656,19194,23515,10305
validation,vip_level,V4,0.5,107670,64961,0.6033342620971487,0.8183624761321646,0.7493233332766813,0.7321864805956613,0.7705084589215068,0.750858822999955,0.6349122318194483,0.36508776818055166,68361,39309,0.571331569458428,0.6207484291129258,50053,24401,18308,14908
validation,vip_level,V4,0.55,107670,64961,0.6033342620971487,0.8183624761321646,0.7493233332766813,0.7556338257835176,0.7133510875756223,0.7338839310459508,0.569573697408749,0.43042630259125103,61326,46344,0.6491137699313962,0.5982004142931123,46340,27723,14986,18621
validation,vip_level,V4,0.6,107670,64961,0.6033342620971487,0.8183624761321646,0.7493233332766813,0.7846063743364002,0.6393066609196287,0.7045431411800631,0.49160397510912973,0.5083960248908703,52931,54739,0.7330539230607132,0.5719505288733809,41530,31308,11401,23431
validation,vip_level,V4,0.65,107670,64961,0.6033342620971487,0.8183624761321646,0.7493233332766813,0.812819311514178,0.5608441988269885,0.6637214894702325,0.4162998049595988,0.5837001950404013,44823,62847,0.8035542859818774,0.5460722071061467,36433,34319,8390,28528
validation,vip_level,V4,0.7,107670,64961,0.6033342620971487,0.8183624761321646,0.7493233332766813,0.8385809673741925,0.47559304813657427,0.6069565729890082,0.34217516485557725,0.6578248351444227,36842,70828,0.8607553443068205,0.5190320212345401,30895,36762,5947,34066
validation,vip_level,V4,0.75,107670,64961,0.6033342620971487,0.8183624761321646,0.7493233332766813,0.8623696358351856,0.3882329397638583,0.5354223722480521,0.2716169778025448,0.7283830221974552,29245,78425,0.9057575686623428,0.49326107746254383,25220,38684,4025,39741
validation,vip_level,V4,0.8,107670,64961,0.6033342620971487,0.8183624761321646,0.7493233332766813,0.8896324178632836,0.29469989686119363,0.4427382053654024,0.19986068542769575,0.8001393145723042,21519,86151,0.9443911119436185,0.4681779665935393,19144,40334,2375,45817
validation,vip_level,V4,0.85,107670,64961,0.6033342620971487,0.8183624761321646,0.7493233332766813,0.9139272086879953,0.19173042286910608,0.3169654786293247,0.12657193275749976,0.8734280672425002,13628,94042,0.9725350628673113,0.4416749962782586,12455,41536,1173,52506
validation,vip_level,V4,0.9,107670,64961,0.6033342620971487,0.8183624761321646,0.7493233332766813,0.9458661417322834,0.08876094887701852,0.1622922442546125,0.05661744218445249,0.9433825578155475,6096,101574,0.9922732913437449,0.41722291137495815,5766,42379,330,59195
validation,vip_level,V4,0.95,107670,64961,0.6033342620971487,0.8183624761321646,0.7493233332766813,0.9681603773584906,0.012638352242114499,0.024950994544819097,0.00787591715426767,0.9921240828457323,848,106822,0.9993678147463064,0.3995618880005991,821,42682,27,64140
validation,vip_level,V5,0.05,10444,6730,0.6443891229414017,0.8321066812722703,0.733611926600366,0.6443891229414017,1.0,0.7837428671247234,1.0,0.0,10444,0,0.0,0.0,6730,0,3714,0
validation,vip_level,V5,0.1,10444,6730,0.6443891229414017,0.8321066812722703,0.733611926600366,0.6443891229414017,1.0,0.7837428671247234,1.0,0.0,10444,0,0.0,0.0,6730,0,3714,0
validation,vip_level,V5,0.15,10444,6730,0.6443891229414017,0.8321066812722703,0.733611926600366,0.6443550703820741,0.999851411589896,0.7836720433238222,0.9999042512447338,9.574875526618953e-05,10443,1,0.0,0.0,6729,0,3714,1
validation,vip_level,V5,0.2,10444,6730,0.6443891229414017,0.8321066812722703,0.733611926600366,0.6442464309667529,0.9991084695393759,0.7833634298363139,0.9993297587131368,0.0006702412868632157,10437,7,0.00026925148088314486,0.14285714285714285,6724,1,3713,6
validation,vip_level,V5,0.25,10444,6730,0.6443891229414017,0.8321066812722703,0.733611926600366,0.6463661808705723,0.9950965824665676,0.7836873208121233,0.9920528533129069,0.007947146687093065,10361,83,0.013462574044157244,0.6024096385542169,6697,50,3664,33
validation,vip_level,V5,0.3,10444,6730,0.6443891229414017,0.8321066812722703,0.733611926600366,0.6517559348636452,0.987221396731055,0.7851571732450957,0.9760628111834546,0.023937188816545385,10194,250,0.04415724286483576,0.656,6644,164,3550,86
validation,vip_level,V5,0.35,10444,6730,0.6443891229414017,0.8321066812722703,0.733611926600366,0.6688049663735127,0.9604754829123329,0.7885330893565111,0.9254117196476446,0.07458828035235543,9665,779,0.1381260096930533,0.6585365853658537,6464,513,3201,266
validation,vip_level,V5,0.4,10444,6730,0.6443891229414017,0.8321066812722703,0.733611926600366,0.6946513202437373,0.9147102526002971,0.7896357106208312,0.8485254691689008,0.15147453083109919,8862,1582,0.27140549273021003,0.6371681415929203,6156,1008,2706,574
validation,vip_level,V5,0.45,10444,6730,0.6443891229414017,0.8321066812722703,0.733611926600366,0.7170647623737996,0.8653789004457653,0.7842714785887422,0.7776713902719264,0.22232860972807356,8122,2322,0.38126009693053314,0.6098191214470284,5824,1416,2298,906
validation,vip_level,V5,0.5,10444,6730,0.6443891229414017,0.8321066812722703,0.733611926600366,0.7398607128226137,0.8050520059435364,0.7710809079911762,0.7011681348142474,0.29883186518575255,7323,3121,0.48707592891760904,0.5796219160525473,5418,1809,1905,1312
validation,vip_level,V5,0.55,10444,6730,0.6443891229414017,0.8321066812722703,0.733611926600366,0.7626630269942372,0.7472511144130758,0.7548784148904233,0.631367292225201,0.36863270777479895,6594,3850,0.5786214324178783,0.5581818181818182,5029,2149,1565,1701
validation,vip_level,V5,0.6,10444,6730,0.6443891229414017,0.8321066812722703,0.733611926600366,0.7857628270472308,0.687221396731055,0.7331959416613824,0.5635771734967445,0.4364228265032555,5886,4558,0.6604738826063543,0.5381746379991225,4625,2453,1261,2105
validation,vip_level,V5,0.65,10444,6730,0.6443891229414017,0.8321066812722703,0.733611926600366,0.8094864758918071,0.6136701337295691,0.698106828938472,0.4885101493680582,0.5114898506319419,5102,5342,0.7382875605815832,0.5132909022837888,4130,2742,972,2600
validation,vip_level,V5,0.7,10444,6730,0.6443891229414017,0.8321066812722703,0.733611926600366,0.8345776948203453,0.5315007429420505,0.6494190268700073,0.4103791650708541,0.5896208349291459,4286,6158,0.8091007000538503,0.48798311139980516,3577,3005,709,3153
validation,vip_level,V5,0.75,10444,6730,0.6443891229414017,0.8321066812722703,0.733611926600366,0.8552178899082569,0.44323922734026744,0.5838715991387747,0.3339716583684412,0.6660283416315588,3488,6956,0.8640280021540119,0.461328349626222,2983,3209,505,3747
validation,vip_level,V5,0.8,10444,6730,0.6443891229414017,0.8321066812722703,0.733611926600366,0.8747152619589977,0.3423476968796434,0.49209739427595045,0.2522022213711222,0.7477977786288779,2634,7810,0.9111470113085622,0.43329065300896286,2304,3384,330,4426
validation,vip_level,V5,0.85,10444,6730,0.6443891229414017,0.8321066812722703,0.733611926600366,0.9118705035971223,0.22600297176820208,0.3622291021671827,0.15970892378399082,0.8402910762160092,1668,8776,0.9604200323101777,0.40644940747493163,1521,3567,147,5209
validation,vip_level,V5,0.9,10444,6730,0.6443891229414017,0.8321066812722703,0.733611926600366,0.9486111111111111,0.10148588410104012,0.18335570469798657,0.0689391037916507,0.9310608962083493,720,9724,0.9900376952073237,0.3781365693130399,683,3677,37,6047
validation,vip_level,V5,0.95,10444,6730,0.6443891229414017,0.8321066812722703,0.733611926600366,0.9834710743801653,0.017682020802377414,0.034739454094292806,0.011585599387207966,0.9884144006127921,121,10323,0.9994614970382337,0.35958539184345634,119,3712,2,6611
validation,vip_level,V6,0.05,1207,831,0.6884838442419221,0.8664453150813718,0.7591356863046317,0.6884838442419221,1.0,0.8155053974484789,1.0,0.0,1207,0,0.0,0.0,831,0,376,0
validation,vip_level,V6,0.1,1207,831,0.6884838442419221,0.8664453150813718,0.7591356863046317,0.6884838442419221,1.0,0.8155053974484789,1.0,0.0,1207,0,0.0,0.0,831,0,376,0
validation,vip_level,V6,0.15,1207,831,0.6884838442419221,0.8664453150813718,0.7591356863046317,0.6884838442419221,1.0,0.8155053974484789,1.0,0.0,1207,0,0.0,0.0,831,0,376,0
validation,vip_level,V6,0.2,1207,831,0.6884838442419221,0.8664453150813718,0.7591356863046317,0.6896265560165975,1.0,0.8163064833005894,0.9983429991714996,0.001657000828500399,1205,2,0.005319148936170213,1.0,831,2,374,0
validation,vip_level,V6,0.25,1207,831,0.6884838442419221,0.8664453150813718,0.7591356863046317,0.712784588441331,0.9795427196149218,0.8251393816523062,0.9461474730737366,0.05385252692626341,1142,65,0.1276595744680851,0.7384615384615385,814,48,328,17
validation,vip_level,V6,0.3,1207,831,0.6884838442419221,0.8664453150813718,0.7591356863046317,0.7445185891325071,0.9398315282791817,0.8308510638297872,0.8690969345484673,0.13090306545153274,1049,158,0.2872340425531915,0.6835443037974683,781,108,268,50
validation,vip_level,V6,0.35,1207,831,0.6884838442419221,0.8664453150813718,0.7591356863046317,0.7562688064192578,0.9073405535499398,0.824945295404814,0.8260149130074566,0.17398508699254345,997,210,0.3537234042553192,0.6333333333333333,754,133,243,77
validation,vip_level,V6,0.4,1207,831,0.6884838442419221,0.8664453150813718,0.7591356863046317,0.7728706624605678,0.8844765342960289,0.8249158249158249,0.7879038939519469,0.21209610604805307,951,256,0.425531914893617,0.625,735,160,216,96
validation,vip_level,V6,0.45,1207,831,0.6884838442419221,0.8664453150813718,0.7591356863046317,0.7871396895787139,0.8543922984356197,0.8193883439122909,0.7473073736536868,0.2526926263463132,902,305,0.48936170212765956,0.6032786885245902,710,184,192,121
validation,vip_level,V6,0.5,1207,831,0.6884838442419221,0.8664453150813718,0.7591356863046317,0.8029020556227328,0.7990373044524669,0.8009650180940893,0.6851698425849213,0.3148301574150787,827,380,0.5664893617021277,0.5605263157894737,664,213,163,167
validation,vip_level,V6,0.55,1207,831,0.6884838442419221,0.8664453150813718,0.7591356863046317,0.8144329896907216,0.7605294825511432,0.7865588052271313,0.6429163214581607,0.3570836785418393,776,431,0.6170212765957447,0.5382830626450116,632,232,144,199
validation,vip_level,V6,0.6,1207,831,0.6884838442419221,0.8664453150813718,0.7591356863046317,0.8272980501392758,0.7148014440433214,0.7669464170432537,0.5948632974316487,0.4051367025683513,718,489,0.6702127659574468,0.5153374233128835,594,252,124,237
validation,vip_level,V6,0.65,1207,831,0.6884838442419221,0.8664453150813718,0.7591356863046317,0.8395061728395061,0.6546329723225031,0.735632183908046,0.5368682684341343,0.46313173156586573,648,559,0.723404255319149,0.4865831842576029,544,272,104,287
validation,vip_level,V6,0.7,1207,831,0.6884838442419221,0.8664453150813718,0.7591356863046317,0.8513274336283185,0.5788206979542719,0.6891117478510028,0.46810273405136704,0.531897265948633,565,642,0.776595744680851,0.45482866043613707,481,292,84,350
validation,vip_level,V6,0.75,1207,831,0.6884838442419221,0.8664453150813718,0.7591356863046317,0.875268817204301,0.4897713598074609,0.6280864197530864,0.3852526926263463,0.6147473073736537,465,742,0.8457446808510638,0.42857142857142855,407,318,58,424
validation,vip_level,V6,0.8,1207,831,0.6884838442419221,0.8664453150813718,0.7591356863046317,0.9008746355685131,0.37184115523465705,0.5264054514480409,0.28417564208782103,0.715824357912179,343,864,0.9095744680851063,0.3958333333333333,309,342,34,522
validation,vip_level,V6,0.85,1207,831,0.6884838442419221,0.8664453150813718,0.7591356863046317,0.9230769230769231,0.259927797833935,0.4056338028169014,0.19386909693454846,0.8061309030654515,234,973,0.9521276595744681,0.36793422404933196,216,358,18,615
validation,vip_level,V6,0.9,1207,831,0.6884838442419221,0.8664453150813718,0.7591356863046317,0.9285714285714286,0.12515042117930206,0.2205726405090138,0.0927920463960232,0.9072079536039768,112,1095,0.9787234042553191,0.3360730593607306,104,368,8,727
validation,vip_level,V6,0.95,1207,831,0.6884838442419221,0.8664453150813718,0.7591356863046317,1.0,0.02045728038507822,0.04009433962264151,0.014084507042253521,0.9859154929577465,17,1190,1.0,0.31596638655462184,17,376,0,814
